Country Name;Country Code;Indicator Name;2000;2001;2002;2003;2004;2005;2006;2007;2008;2009;2010;2011;2012;2013;2014;2015;2016;2017
Aruba;ABW;PM2.5 air pollution, mean annual exposure (micrograms per cubic meter);;;;;;;;;;;;;;;;;;
Afghanistan;AFG;PM2.5 air pollution, mean annual exposure (micrograms per cubic meter);56,05448305;;;;;43,21094707;;;;;46,56779545;50,40091241;50,56149778;50,93477732;49,02676109;48,01676483;;
Angola;AGO;PM2.5 air pollution, mean annual exposure (micrograms per cubic meter);39,64056265;;;;;35,29216767;;;;;30,84495901;31,59438405;33,62948538;33,70874667;35,12951271;36,39542768;;
Albania;ALB;PM2.5 air pollution, mean annual exposure (micrograms per cubic meter);14,29310003;;;;;12,17598326;;;;;15,32580588;14,67280319;14,511993;15,64245935;16,69960729;17,93662454;;
Andorra;AND;PM2.5 air pollution, mean annual exposure (micrograms per cubic meter);10,81286722;;;;;10,92749845;;;;;10,88411327;10,92136743;10,91712823;10,70556757;10,38933824;10,05993572;;
Arab World;ARB;PM2.5 air pollution, mean annual exposure (micrograms per cubic meter);52,87521793;;;;;52,79730469;;;;;63,82590195;63,191705;63,83611294;63,40492621;62,97798039;63,13124048;;
United Arab Emirates;ARE;PM2.5 air pollution, mean annual exposure (micrograms per cubic meter);75,56362831;;;;;67,24063338;;;;;74,11933045;73,16350199;74,99061583;70,85059428;67,17545852;64,29012818;;
Argentina;ARG;PM2.5 air pollution, mean annual exposure (micrograms per cubic meter);15,66941992;;;;;14,91562346;;;;;14,27254307;14,12314793;14,15148439;13,62121025;13,67861608;13,44396548;;
Armenia;ARM;PM2.5 air pollution, mean annual exposure (micrograms per cubic meter);18,54667114;;;;;20,96387232;;;;;25,90381947;25,74679593;24,28148614;24,79903114;25,08644703;25,50768535;;
American Samoa;ASM;PM2.5 air pollution, mean annual exposure (micrograms per cubic meter);4,322886886;;;;;4,339080007;;;;;3,410088967;3,30293518;3,379987778;3,448989662;3,638034547;3,732035944;;
Antigua and Barbuda;ATG;PM2.5 air pollution, mean annual exposure (micrograms per cubic meter);17,32235273;;;;;16,38137962;;;;;13,26361122;13,54079028;13,63414658;13,93344458;14,05720483;13,88760103;;
Australia;AUS;PM2.5 air pollution, mean annual exposure (micrograms per cubic meter);6,803757356;;;;;6,607162641;;;;;5,930373586;5,884769656;5,977630261;6,029646627;5,932051308;5,897734951;;
Austria;AUT;PM2.5 air pollution, mean annual exposure (micrograms per cubic meter);15,24514611;;;;;15,29663318;;;;;15,12092092;14,94375206;15,24677384;15,91639969;16,45924852;17,01299421;;
Azerbaijan;AZE;PM2.5 air pollution, mean annual exposure (micrograms per cubic meter);23,61646317;;;;;21,11154765;;;;;26,12385523;25,19642763;24,60949201;26,32304126;28,0060253;30,3540129;;
Burundi;BDI;PM2.5 air pollution, mean annual exposure (micrograms per cubic meter);47,18177558;;;;;43,19245097;;;;;40,05271391;44,03095627;47,44958378;48,33502221;47,29057045;45,53410622;;
Belgium;BEL;PM2.5 air pollution, mean annual exposure (micrograms per cubic meter);16,86849124;;;;;16,2806338;;;;;16,31701575;16,30640191;15,8994561;15,90389158;15,78042979;15,63662972;;
Benin;BEN;PM2.5 air pollution, mean annual exposure (micrograms per cubic meter);59,00824259;;;;;46,02261113;;;;;42,70601546;45,80124941;45,33291833;41,49184403;38,37472292;35,16237337;;
Burkina Faso;BFA;PM2.5 air pollution, mean annual exposure (micrograms per cubic meter);66,61651305;;;;;59,00206017;;;;;60,87729241;62,6397117;54,89954122;49,39441139;44,14409051;40,03947692;;
Bangladesh;BGD;PM2.5 air pollution, mean annual exposure (micrograms per cubic meter);65,42196522;;;;;80,23563347;;;;;82,23194526;82,69560248;82,80494953;88,33041827;87,03455404;89,3929096;;
Bulgaria;BGR;PM2.5 air pollution, mean annual exposure (micrograms per cubic meter);29,14142037;;;;;23,1008418;;;;;26,83183332;26,96002866;25,68139714;26,71231101;27,53486186;28,12871472;;
Bahrain;BHR;PM2.5 air pollution, mean annual exposure (micrograms per cubic meter);62,46652544;;;;;52,606263;;;;;66,4277585;63,51717683;67,28495944;66,45263989;60,33412401;55,45435188;;
Bahamas, The;BHS;PM2.5 air pollution, mean annual exposure (micrograms per cubic meter);18,68255765;;;;;17,47408637;;;;;12,17654133;12,68075711;13,32897066;13,93955059;13,72387382;13,71948341;;
Bosnia and Herzegovina;BIH;PM2.5 air pollution, mean annual exposure (micrograms per cubic meter);37,95347469;;;;;35,38662978;;;;;37,97995323;37,4453139;37,98313099;41,42943982;44,09811958;47,40090583;;
Belarus;BLR;PM2.5 air pollution, mean annual exposure (micrograms per cubic meter);20,30815667;;;;;18,82530767;;;;;20,25431623;19,71399217;18,53081728;19,4702875;20,03426999;20,48379252;;
Belize;BLZ;PM2.5 air pollution, mean annual exposure (micrograms per cubic meter);29,43093726;;;;;25,78443453;;;;;20,97331669;21,69663025;25,35152963;24,3096465;25,45071189;27,04048536;;
Bermuda;BMU;PM2.5 air pollution, mean annual exposure (micrograms per cubic meter);11,18737813;;;;;11,44620163;;;;;9,312616101;9,356703975;9,362252941;9,068642195;8,865758137;8,689651024;;
Bolivia;BOL;PM2.5 air pollution, mean annual exposure (micrograms per cubic meter);30,21271633;;;;;39,77895753;;;;;28,5881597;30,24425324;26,95194066;27,79062261;28,35787923;27,97140377;;
Brazil;BRA;PM2.5 air pollution, mean annual exposure (micrograms per cubic meter);16,16227859;;;;;13,77506387;;;;;10,96493063;11,47776779;11,21118317;11,4422307;11,31754584;11,36829449;;
Barbados;BRB;PM2.5 air pollution, mean annual exposure (micrograms per cubic meter);20,35814543;;;;;17,33199887;;;;;14,79991173;14,88835039;14,84804989;15,25636697;15,20732479;15,38938638;;
Brunei Darussalam;BRN;PM2.5 air pollution, mean annual exposure (micrograms per cubic meter);5,70835931;;;;;7,37241961;;;;;6,364018923;6,234890364;6,252435079;6,170406831;5,690909112;5,147459106;;
Bhutan;BTN;PM2.5 air pollution, mean annual exposure (micrograms per cubic meter);41,0065705;;;;;50,72600627;;;;;50,00033869;48,63370044;49,86750313;54,37093357;54,13286886;55,72363212;;
Botswana;BWA;PM2.5 air pollution, mean annual exposure (micrograms per cubic meter);22,36437117;;;;;21,71438469;;;;;19,0399558;19,84321449;19,14675355;18,60238706;18,00413861;17,5393912;;
Central African Republic;CAF;PM2.5 air pollution, mean annual exposure (micrograms per cubic meter);52,25120777;;;;;51,47925568;;;;;46,16305324;49,96232939;52,43312592;49,33394234;47,78222565;46,46839936;;
Canada;CAN;PM2.5 air pollution, mean annual exposure (micrograms per cubic meter);7,824123321;;;;;8,114165;;;;;7,301525158;7,370857641;7,340954607;7,315529036;7,244536517;7,178847511;;
Central Europe and the Baltics;CEB;PM2.5 air pollution, mean annual exposure (micrograms per cubic meter);23,35711533;;;;;21,1949048;;;;;23,15057403;22,70266895;21,19697603;21,69674488;22,2069978;22,44857959;;
Switzerland;CHE;PM2.5 air pollution, mean annual exposure (micrograms per cubic meter);11,27034445;;;;;10,9720765;;;;;11,05498294;11,14726196;11,23406913;12,09228379;12,37209228;12,89019363;;
Channel Islands;CHI;PM2.5 air pollution, mean annual exposure (micrograms per cubic meter);;;;;;;;;;;;;;;;;;
Chile;CHL;PM2.5 air pollution, mean annual exposure (micrograms per cubic meter);21,94511284;;;;;22,86273012;;;;;21,31061466;21,37433716;21,53297271;21,16037872;21,08723658;20,94195715;;
China;CHN;PM2.5 air pollution, mean annual exposure (micrograms per cubic meter);51,63351915;;;;;56,89743587;;;;;58,22193143;57,16540288;57,38830359;56,86695663;57,98601356;58,37659937;;
Cote d'Ivoire;CIV;PM2.5 air pollution, mean annual exposure (micrograms per cubic meter);32,30402622;;;;;27,65451027;;;;;28,58998934;31,80904039;33,17098786;28,7908249;26,28596513;23,53443788;;
Cameroon;CMR;PM2.5 air pollution, mean annual exposure (micrograms per cubic meter);99,60771181;;;;;81,88294993;;;;;72,27810525;75,59233995;75,08883329;73,78419451;69,56991811;66,42837013;;
Congo, Dem. Rep.;COD;PM2.5 air pollution, mean annual exposure (micrograms per cubic meter);51,07883229;;;;;47,07936144;;;;;42,00486787;44,38807236;46,73556361;46,76494515;46,67313051;46,32237903;;
Congo, Rep.;COG;PM2.5 air pollution, mean annual exposure (micrograms per cubic meter);61,63371714;;;;;56,74243868;;;;;49,36093279;49,46126823;51,86184537;51,00605842;52,04968847;53,0089847;;
Colombia;COL;PM2.5 air pollution, mean annual exposure (micrograms per cubic meter);20,42475508;;;;;21,5222926;;;;;16,69620634;17,70750897;17,29658729;18,35243389;17,67549693;17,99813938;;
Comoros;COM;PM2.5 air pollution, mean annual exposure (micrograms per cubic meter);21,05216741;;;;;20,41033551;;;;;16,9011094;17,16901189;17,14686096;17,4211319;17,13627528;17,07934151;;
Cabo Verde;CPV;PM2.5 air pollution, mean annual exposure (micrograms per cubic meter);48,77078264;;;;;33,72043724;;;;;34,59727346;38,81934583;45,23148614;43,54296258;41,53790704;39,55602953;;
Costa Rica;CRI;PM2.5 air pollution, mean annual exposure (micrograms per cubic meter);22,0065383;;;;;20,68529224;;;;;14,47932299;15,28763779;16,48043342;18,56451064;18,4170098;20,11774831;;
Caribbean small states;CSS;PM2.5 air pollution, mean annual exposure (micrograms per cubic meter);21,69207821;;;;;18,38165608;;;;;13,98268546;14,72109382;15,71934923;16,68515673;16,54224849;16,65872933;;
Cuba;CUB;PM2.5 air pollution, mean annual exposure (micrograms per cubic meter);21,75224079;;;;;20,74618897;;;;;15,45960037;16,38933326;17,87777774;18,27609514;18,18831353;17,98569778;;
Curacao;CUW;PM2.5 air pollution, mean annual exposure (micrograms per cubic meter);;;;;;;;;;;;;;;;;;
Cayman Islands;CYM;PM2.5 air pollution, mean annual exposure (micrograms per cubic meter);;;;;;;;;;;;;;;;;;
Cyprus;CYP;PM2.5 air pollution, mean annual exposure (micrograms per cubic meter);15,19674804;;;;;14,5290099;;;;;15,41684785;15,21667356;15,10798901;16,29659663;17,20774014;18,28597332;;
Czech Republic;CZE;PM2.5 air pollution, mean annual exposure (micrograms per cubic meter);20,98845891;;;;;19,28864999;;;;;20,2037086;19,78423967;18,72233875;19,78966278;20,60073498;21,40898739;;
Germany;DEU;PM2.5 air pollution, mean annual exposure (micrograms per cubic meter);14,08379102;;;;;13,39368326;;;;;13,70378666;13,67429891;13,29681529;13,6595252;13,86261171;14,0153719;;
Djibouti;DJI;PM2.5 air pollution, mean annual exposure (micrograms per cubic meter);50,85019937;;;;;43,11745862;;;;;45,37519972;48,6359452;52,43290748;50,3417756;51,08017071;51,50224365;;
Dominica;DMA;PM2.5 air pollution, mean annual exposure (micrograms per cubic meter);17,95247109;;;;;16,70532169;;;;;14,1356331;14,42392113;14,00198025;14,24819121;13,71658417;13,55936883;;
Denmark;DNK;PM2.5 air pollution, mean annual exposure (micrograms per cubic meter);10,94668302;;;;;10,39023314;;;;;10,42452026;10,24883547;10,05436809;10,34987451;10,65521002;11,02259277;;
Dominican Republic;DOM;PM2.5 air pollution, mean annual exposure (micrograms per cubic meter);29,80004938;;;;;21,34326702;;;;;21,24604728;16,96673719;23,06495179;24,07007798;17,77525464;20,41796867;;
Algeria;DZA;PM2.5 air pollution, mean annual exposure (micrograms per cubic meter);32,34921606;;;;;28,49001271;;;;;26,74371557;27,50507143;28,26794675;31,10756086;33,09525;35,56453306;;
East Asia & Pacific (excluding high income);EAP;PM2.5 air pollution, mean annual exposure (micrograms per cubic meter);43,01141817;;;;;46,91253178;;;;;46,64637393;45,93951081;46,15718318;46,02961118;46,73512641;47,08523683;;
Early-demographic dividend;EAR;PM2.5 air pollution, mean annual exposure (micrograms per cubic meter);49,5333235;;;;;51,31601862;;;;;51,01640095;50,97285906;52,14772503;53,9783413;55,01478078;56,47508994;;
East Asia & Pacific;EAS;PM2.5 air pollution, mean annual exposure (micrograms per cubic meter);39,98030681;;;;;43,5935823;;;;;43,30363277;42,62263035;43,12124132;42,82607182;43,77803982;44,15785668;;
Europe & Central Asia (excluding high income);ECA;PM2.5 air pollution, mean annual exposure (micrograms per cubic meter);22,28486555;;;;;20,17200759;;;;;23,21255004;22,7757556;22,27083686;23,12662444;24,02107662;24,80998372;;
Europe & Central Asia;ECS;PM2.5 air pollution, mean annual exposure (micrograms per cubic meter);18,17840561;;;;;16,75399603;;;;;18,25661179;17,98811697;17,59596098;18,24152125;18,82586395;19,37665103;;
Ecuador;ECU;PM2.5 air pollution, mean annual exposure (micrograms per cubic meter);17,95547565;;;;;19,4304039;;;;;14,26156132;16,53896222;15,9236179;15,9900108;13,84004408;12,84155358;;
Egypt, Arab Rep.;EGY;PM2.5 air pollution, mean annual exposure (micrograms per cubic meter);73,29447544;;;;;79,56297504;;;;;90,4582509;89,14891705;88,57841114;95,04821592;99,19876877;104,6666533;;
Euro area;EMU;PM2.5 air pollution, mean annual exposure (micrograms per cubic meter);13,56589592;;;;;12,92051788;;;;;13,04711786;12,94466534;12,82385955;13,39653275;13,76134224;14,2275445;;
Eritrea;ERI;PM2.5 air pollution, mean annual exposure (micrograms per cubic meter);43,55805505;;;;;38,54949375;;;;;42,00796735;43,41660755;45,59829566;43,84270296;43,81240103;43,49048059;;
Spain;ESP;PM2.5 air pollution, mean annual exposure (micrograms per cubic meter);10,06732195;;;;;9,947261956;;;;;9,691342999;9,740315952;9,772324484;9,759581679;9,751187601;9,738283342;;
Estonia;EST;PM2.5 air pollution, mean annual exposure (micrograms per cubic meter);8,065298029;;;;;8,007031131;;;;;8,205840132;7,881789587;7,1216599;8,187993959;8,70329887;9,404689495;;
Ethiopia;ETH;PM2.5 air pollution, mean annual exposure (micrograms per cubic meter);35,4848492;;;;;31,19806258;;;;;34,1193404;36,1146896;37,46941846;36,60738002;36,40572759;35,73814656;;
European Union;EUU;PM2.5 air pollution, mean annual exposure (micrograms per cubic meter);15,35677025;;;;;14,32135485;;;;;14,7183631;14,56100468;14,2093587;14,66242222;14,99614414;15,34084221;;
Fragile and conflict affected situations;FCS;PM2.5 air pollution, mean annual exposure (micrograms per cubic meter);44,17530296;;;;;41,46815496;;;;;44,02373787;44,95266615;45,66319924;44,1595899;42,81647318;41,690602;;
Finland;FIN;PM2.5 air pollution, mean annual exposure (micrograms per cubic meter);7,092406007;;;;;6,912545794;;;;;7,056500764;6,85124207;6,584123308;6,901412513;7,116471102;7,379235597;;
Fiji;FJI;PM2.5 air pollution, mean annual exposure (micrograms per cubic meter);8,833367028;;;;;9,481997387;;;;;6,879011374;6,74347482;7,059171837;7,618590682;7,249870664;7,870697243;;
France;FRA;PM2.5 air pollution, mean annual exposure (micrograms per cubic meter);12,60229344;;;;;12,26129727;;;;;12,23372128;12,20212495;12,25035112;12,29085529;12,32044895;12,36533737;;
Faroe Islands;FRO;PM2.5 air pollution, mean annual exposure (micrograms per cubic meter);;;;;;;;;;;;;;;;;;
Micronesia, Fed. Sts.;FSM;PM2.5 air pollution, mean annual exposure (micrograms per cubic meter);9,559811103;;;;;9,508991778;;;;;7,210864185;6,951472534;7,040499092;7,777837344;7,267154147;8,058593607;;
Gabon;GAB;PM2.5 air pollution, mean annual exposure (micrograms per cubic meter);41,80434931;;;;;34,92150088;;;;;34,87014621;36,30971917;36,69871355;36,73124941;39,13879174;39,86049558;;
United Kingdom;GBR;PM2.5 air pollution, mean annual exposure (micrograms per cubic meter);12,97541858;;;;;12,30739893;;;;;12,09171915;12,09436562;12,32575825;12,28951512;12,36645562;12,41225066;;
Georgia;GEO;PM2.5 air pollution, mean annual exposure (micrograms per cubic meter);15,75805384;;;;;16,57218454;;;;;20,2477697;19,79680894;18,26160101;19,25031444;19,94951889;20,4763228;;
Ghana;GHA;PM2.5 air pollution, mean annual exposure (micrograms per cubic meter);36,50148156;;;;;27,06847214;;;;;27,38546471;29,84851562;31,10007313;27,53336504;25,3778426;22,98826426;;
Gibraltar;GIB;PM2.5 air pollution, mean annual exposure (micrograms per cubic meter);;;;;;;;;;;;;;;;;;
Guinea;GIN;PM2.5 air pollution, mean annual exposure (micrograms per cubic meter);30,58253471;;;;;26,28173756;;;;;29,76640612;31,41431199;29,73987261;27,43240718;24,87737117;22,63592379;;
Gambia, The;GMB;PM2.5 air pollution, mean annual exposure (micrograms per cubic meter);70,34528021;;;;;51,42479122;;;;;60,03786817;59,54139942;57,81041324;60,39293584;59,48544873;60,94814767;;
Guinea-Bissau;GNB;PM2.5 air pollution, mean annual exposure (micrograms per cubic meter);41,88874324;;;;;30,92094702;;;;;37,19953493;37,22465835;35,19041059;34,74291709;33,94990267;32,98647968;;
Equatorial Guinea;GNQ;PM2.5 air pollution, mean annual exposure (micrograms per cubic meter);53,70123277;;;;;41,81004277;;;;;42,89914536;46,97997954;45,66061378;45,18452312;46,32019477;47,11721082;;
Greece;GRC;PM2.5 air pollution, mean annual exposure (micrograms per cubic meter);11,99812407;;;;;10,64138672;;;;;11,64990173;11,4010346;11,16884853;12,02425824;12,6601089;13,48711001;;
Grenada;GRD;PM2.5 air pollution, mean annual exposure (micrograms per cubic meter);20,46327041;;;;;17,1387904;;;;;14,23646352;14,0369579;14,47860075;15,23001362;15,03709875;15,1402398;;
Greenland;GRL;PM2.5 air pollution, mean annual exposure (micrograms per cubic meter);6,043513843;;;;;5,5212853;;;;;4,881577078;4,947269234;4,902523735;5,172410008;5,216358613;5,330841384;;
Guatemala;GTM;PM2.5 air pollution, mean annual exposure (micrograms per cubic meter);38,70556943;;;;;37,33177561;;;;;28,78974122;29,34596294;33,46232874;32,91683323;33,25911961;34,84767569;;
Guam;GUM;PM2.5 air pollution, mean annual exposure (micrograms per cubic meter);8,444836789;;;;;8,813820604;;;;;7,620706344;7,54148483;7,672334715;7,924656483;7,596176677;7,393453727;;
Guyana;GUY;PM2.5 air pollution, mean annual exposure (micrograms per cubic meter);26,51026229;;;;;18,30223061;;;;;15,06926936;16,48322643;17,67042104;18,62154061;18,09930812;17,3922441;;
High income;HIC;PM2.5 air pollution, mean annual exposure (micrograms per cubic meter);15,73864665;;;;;15,64816496;;;;;16,55680181;16,49131044;16,69596599;16,76460501;16,66800985;16,64889135;;
Hong Kong SAR, China;HKG;PM2.5 air pollution, mean annual exposure (micrograms per cubic meter);;;;;;;;;;;;;;;;;;
Honduras;HND;PM2.5 air pollution, mean annual exposure (micrograms per cubic meter);37,27139965;;;;;40,17349718;;;;;32,02111242;34,13333902;39,41232902;36,95912098;37,11423279;37,59004958;;
Heavily indebted poor countries (HIPC);HPC;PM2.5 air pollution, mean annual exposure (micrograms per cubic meter);45,37814201;;;;;40,50160418;;;;;39,78172285;42,00798932;42,3781245;40,88091898;39,4148616;38,08850581;;
Croatia;HRV;PM2.5 air pollution, mean annual exposure (micrograms per cubic meter);18,02012802;;;;;17,53064305;;;;;17,52935021;16,86451747;17,17789358;18,63551732;20,06918657;21,78040386;;
Haiti;HTI;PM2.5 air pollution, mean annual exposure (micrograms per cubic meter);31,01404248;;;;;30,08168398;;;;;22,5871097;23,36059622;24,13698101;25,21350435;25,0882277;25,837657;;
Hungary;HUN;PM2.5 air pollution, mean annual exposure (micrograms per cubic meter);24,30350172;;;;;21,82700469;;;;;22,82931874;21,73224275;20,75975849;20,92537186;21,94633745;23,05838255;;
IBRD only;IBD;PM2.5 air pollution, mean annual exposure (micrograms per cubic meter);43,65890785;;;;;46,30741752;;;;;46,37936955;45,81852221;46,42293476;47,31741252;48,45815151;49,54880945;;
IDA & IBRD total;IBT;PM2.5 air pollution, mean annual exposure (micrograms per cubic meter);45,54967849;;;;;46,96931642;;;;;46,74661888;46,7008053;47,17800104;47,78644523;48,30697099;48,95507706;;
IDA total;IDA;PM2.5 air pollution, mean annual exposure (micrograms per cubic meter);52,49141251;;;;;49,24900751;;;;;47,9320089;49,51141328;49,55277514;49,24284108;47,84354193;47,15846749;;
IDA blend;IDB;PM2.5 air pollution, mean annual exposure (micrograms per cubic meter);62,42327469;;;;;53,97391126;;;;;49,80937703;51,51223234;50,38803303;49,39475029;47,56249001;46,40081427;;
Indonesia;IDN;PM2.5 air pollution, mean annual exposure (micrograms per cubic meter);16,49438573;;;;;17,11373179;;;;;14,49991068;14,8452272;14,94642061;15,55812536;15,23766797;15,40820407;;
IDA only;IDX;PM2.5 air pollution, mean annual exposure (micrograms per cubic meter);47,53615445;;;;;46,91811953;;;;;47,00652635;48,52365645;49,14006343;49,16770564;47,98268655;47,53385378;;
Isle of Man;IMN;PM2.5 air pollution, mean annual exposure (micrograms per cubic meter);;;;;;;;;;;;;;;;;;
India;IND;PM2.5 air pollution, mean annual exposure (micrograms per cubic meter);61,49603362;;;;;65,66193004;;;;;64,63060009;63,86602195;66,08989937;68,96813884;71,62337709;74,32984681;;
Not classified;INX;PM2.5 air pollution, mean annual exposure (micrograms per cubic meter);;;;;;;;;;;;;;;;;;
Ireland;IRL;PM2.5 air pollution, mean annual exposure (micrograms per cubic meter);9,854683477;;;;;9,261923204;;;;;9,315093402;9,344139284;9,582682389;9,614099788;9,694570008;9,799825902;;
Iran, Islamic Rep.;IRN;PM2.5 air pollution, mean annual exposure (micrograms per cubic meter);48,02147067;;;;;37,22546487;;;;;48,09925658;46,62644713;45,39340976;44,78403369;43,67268667;42,98979197;;
Iraq;IRQ;PM2.5 air pollution, mean annual exposure (micrograms per cubic meter);50,95662132;;;;;55,06001284;;;;;90,65935023;83,88459879;78,57561599;66,38925866;58,86882866;51,99596281;;
Iceland;ISL;PM2.5 air pollution, mean annual exposure (micrograms per cubic meter);8,018388389;;;;;7,901968162;;;;;7,833622919;7,725124105;7,641008895;7,591107901;7,697073981;7,78903328;;
Israel;ISR;PM2.5 air pollution, mean annual exposure (micrograms per cubic meter);17,12624191;;;;;16,73646008;;;;;18,08463961;17,82445218;18,01229813;18,96548792;19,94741583;21,09447276;;
Italy;ITA;PM2.5 air pollution, mean annual exposure (micrograms per cubic meter);15,44006304;;;;;14,22591662;;;;;14,64620473;14,37746445;14,57311469;16,64030991;17,90572685;19,86123293;;
Jamaica;JAM;PM2.5 air pollution, mean annual exposure (micrograms per cubic meter);20,51293437;;;;;19,94518639;;;;;13,64875631;14,42893754;15,6526909;17,05290558;16,81027962;16,99207352;;
Jordan;JOR;PM2.5 air pollution, mean annual exposure (micrograms per cubic meter);29,75398248;;;;;29,11889943;;;;;36,02868609;34,75692723;34,56808995;35,53203593;37,03792968;38,79814209;;
Japan;JPN;PM2.5 air pollution, mean annual exposure (micrograms per cubic meter);12,45214952;;;;;13,20743784;;;;;12,35442871;11,79530762;11,98730649;12,41386444;12,90119799;13,33416293;;
Kazakhstan;KAZ;PM2.5 air pollution, mean annual exposure (micrograms per cubic meter);16,51784006;;;;;14,98541998;;;;;16,83214082;17,14139032;18,16183816;18,2666365;19,12674537;19,66999774;;
Kenya;KEN;PM2.5 air pollution, mean annual exposure (micrograms per cubic meter);16,1797936;;;;;15,14638636;;;;;15,0399724;16,1242234;16,64042643;16,73233923;16,51064549;16,29880428;;
Kyrgyz Republic;KGZ;PM2.5 air pollution, mean annual exposure (micrograms per cubic meter);14,97518453;;;;;14,96126118;;;;;15,86480362;15,8096858;16,12652952;15,88369369;16,77185302;16,92166624;;
Cambodia;KHM;PM2.5 air pollution, mean annual exposure (micrograms per cubic meter);25,1825367;;;;;28,17367825;;;;;24,77074065;25,235386;26,12645373;27,49315224;27,76846904;29,03890178;;
Kiribati;KIR;PM2.5 air pollution, mean annual exposure (micrograms per cubic meter);4,479850383;;;;;4,314494951;;;;;3,410355156;3,329558243;3,319247321;3,325495619;3,397615039;3,446646019;;
St. Kitts and Nevis;KNA;PM2.5 air pollution, mean annual exposure (micrograms per cubic meter);;;;;;;;;;;;;;;;;;
Korea, Rep.;KOR;PM2.5 air pollution, mean annual exposure (micrograms per cubic meter);25,77766471;;;;;25,97494325;;;;;25,17929851;23,81396861;24,93615507;26,10631611;27,51764649;28,66424214;;
Kuwait;KWT;PM2.5 air pollution, mean annual exposure (micrograms per cubic meter);65,89427637;;;;;65,58517836;;;;;104,1890789;102,8482505;103,7350314;87,22681884;77,05769694;67,43349003;;
Latin America & Caribbean (excluding high income);LAC;PM2.5 air pollution, mean annual exposure (micrograms per cubic meter);23,23277396;;;;;21,89549647;;;;;17,13412526;17,80112731;18,21159469;18,25737463;17,84132096;17,89008926;;
Lao PDR;LAO;PM2.5 air pollution, mean annual exposure (micrograms per cubic meter);27,17834793;;;;;30,15931667;;;;;28,10376675;28,70205772;29,04353856;31,0061745;31,23780134;32,56943026;;
Lebanon;LBN;PM2.5 air pollution, mean annual exposure (micrograms per cubic meter);24,63055079;;;;;24,68310541;;;;;28,40289918;27,54087011;27,15373527;28,79200433;30,56520468;32,60158923;;
Liberia;LBR;PM2.5 air pollution, mean annual exposure (micrograms per cubic meter);10,53349317;;;;;9,466795539;;;;;9,530500407;10,58214462;11,12994883;10,03425693;8,976974996;7,851815034;;
Libya;LBY;PM2.5 air pollution, mean annual exposure (micrograms per cubic meter);54,19345144;;;;;54,22123122;;;;;67,71389865;61,08713909;58,69926446;64,27003391;71,10513256;79,20020559;;
St. Lucia;LCA;PM2.5 air pollution, mean annual exposure (micrograms per cubic meter);19,44802973;;;;;16,97655007;;;;;14,36179792;14,40420799;14,79109908;14,85330826;14,33470058;14,00929929;;
Latin America & Caribbean;LCN;PM2.5 air pollution, mean annual exposure (micrograms per cubic meter);23,13258374;;;;;21,8227386;;;;;17,20863146;17,8309353;18,25839303;18,29734215;17,87422902;17,92843503;;
Least developed countries: UN classification;LDC;PM2.5 air pollution, mean annual exposure (micrograms per cubic meter);48,73217692;;;;;48,46657982;;;;;48,22588282;49,76495096;50,32557265;50,55889582;49,37433963;49,01836255;;
Low income;LIC;PM2.5 air pollution, mean annual exposure (micrograms per cubic meter);43,30788922;;;;;39,45498438;;;;;39,36180377;41,29788844;41,57277799;40,74960607;39,62882695;38,716685;;
Liechtenstein;LIE;PM2.5 air pollution, mean annual exposure (micrograms per cubic meter);;;;;;;;;;;;;;;;;;
Sri Lanka;LKA;PM2.5 air pollution, mean annual exposure (micrograms per cubic meter);30,71722048;;;;;30,41385172;;;;;26,85367452;27,10590215;27,96518221;28,14849492;27,96620125;27,92362221;;
Lower middle income;LMC;PM2.5 air pollution, mean annual exposure (micrograms per cubic meter);51,8549485;;;;;53,49608004;;;;;52,35798071;52,42682656;53,43407839;55,08030048;55,96245641;57,28726706;;
Low & middle income;LMY;PM2.5 air pollution, mean annual exposure (micrograms per cubic meter);45,65973941;;;;;47,08538975;;;;;46,83171795;46,78185055;47,28157529;47,89593139;48,42148809;49,07815124;;
Lesotho;LSO;PM2.5 air pollution, mean annual exposure (micrograms per cubic meter);27,80416806;;;;;26,39929039;;;;;22,7534192;22,32359606;22,18348968;23,08287203;23,8663077;24,70117006;;
Late-demographic dividend;LTE;PM2.5 air pollution, mean annual exposure (micrograms per cubic meter);39,8493169;;;;;42,89664663;;;;;43,41888829;42,76688572;42,85095557;42,68816459;43,40240648;43,76245733;;
Lithuania;LTU;PM2.5 air pollution, mean annual exposure (micrograms per cubic meter);18,48781706;;;;;17,4990803;;;;;18,7971457;18,69884361;16,88664606;18,50825871;18,94196512;19,06499459;;
Luxembourg;LUX;PM2.5 air pollution, mean annual exposure (micrograms per cubic meter);16,97141088;;;;;16,24854947;;;;;16,36504676;16,37103967;16,20486376;16,32351279;16,51841848;16,58784625;;
Latvia;LVA;PM2.5 air pollution, mean annual exposure (micrograms per cubic meter);18,24626796;;;;;17,43835938;;;;;18,38863954;17,81409163;16,12200735;18,2766284;19,27617816;20,41799195;;
Macao SAR, China;MAC;PM2.5 air pollution, mean annual exposure (micrograms per cubic meter);;;;;;;;;;;;;;;;;;
St. Martin (French part);MAF;PM2.5 air pollution, mean annual exposure (micrograms per cubic meter);;;;;;;;;;;;;;;;;;
Morocco;MAR;PM2.5 air pollution, mean annual exposure (micrograms per cubic meter);21,71926621;;;;;21,34272111;;;;;19,77921702;18,99027151;18,69624536;19,963239;21,37583231;22,99104134;;
Monaco;MCO;PM2.5 air pollution, mean annual exposure (micrograms per cubic meter);;;;;;;;;;;;;;;;;;
Moldova;MDA;PM2.5 air pollution, mean annual exposure (micrograms per cubic meter);21,99469699;;;;;18,60683421;;;;;20,73523235;21,13791114;21,03083613;20,76655481;20,66418945;20,5543623;;
Madagascar;MDG;PM2.5 air pollution, mean annual exposure (micrograms per cubic meter);19,35995483;;;;;18,2877897;;;;;17,34748194;17,23861885;18,17180817;18,35847941;19,09647319;19,67682043;;
Maldives;MDV;PM2.5 air pollution, mean annual exposure (micrograms per cubic meter);30,29161728;;;;;31,61021199;;;;;25,0998534;24,73152335;25,7814608;27,66795405;28,42403633;29,05613639;;
Middle East & North Africa;MEA;PM2.5 air pollution, mean annual exposure (micrograms per cubic meter);51,29791617;;;;;49,59504376;;;;;61,88409936;60,88050398;61,14522698;61,0279313;60,70473578;60,98788922;;
Mexico;MEX;PM2.5 air pollution, mean annual exposure (micrograms per cubic meter);28,90617401;;;;;26,01751822;;;;;20,24403003;20,55218688;21,57759745;20,74051439;20,44662996;20,23982419;;
Marshall Islands;MHL;PM2.5 air pollution, mean annual exposure (micrograms per cubic meter);12,91087609;;;;;12,50873445;;;;;12,06338901;11,62965038;11,41086389;11,54343274;11,92971051;11,91659108;;
Middle income;MIC;PM2.5 air pollution, mean annual exposure (micrograms per cubic meter);45,87612103;;;;;47,84296998;;;;;47,63319983;47,37960484;47,91375918;48,69991512;49,42640668;50,28109379;;
Macedonia, FYR;MKD;PM2.5 air pollution, mean annual exposure (micrograms per cubic meter);35,85635145;;;;;29,0470203;;;;;34,89951527;35,13390758;34,17353781;36,7426215;38,57433694;40,4789043;;
Mali;MLI;PM2.5 air pollution, mean annual exposure (micrograms per cubic meter);59,90442308;;;;;53,49259412;;;;;59,93972609;64,59120193;57,46155815;53,19781262;47,91998492;44,0063041;;
Malta;MLT;PM2.5 air pollution, mean annual exposure (micrograms per cubic meter);13,25441504;;;;;11,8289078;;;;;14,65019882;13,39748959;12,60269966;13,56580398;14,50619675;15,67337266;;
Myanmar;MMR;PM2.5 air pollution, mean annual exposure (micrograms per cubic meter);44,2287147;;;;;47,97633578;;;;;45,83475784;45,86618325;48,24699239;51,1050149;52,44929971;54,38812189;;
Middle East & North Africa (excluding high income);MNA;PM2.5 air pollution, mean annual exposure (micrograms per cubic meter);48,4001532;;;;;46,42795843;;;;;56,44156876;55,19023934;54,83154445;55,73527652;56,40691047;57,71596978;;
Montenegro;MNE;PM2.5 air pollution, mean annual exposure (micrograms per cubic meter);18,48868534;;;;;17,23125088;;;;;21,12891688;21,05196721;20,60699749;21,80198912;22,53063554;23,35266451;;
Mongolia;MNG;PM2.5 air pollution, mean annual exposure (micrograms per cubic meter);19,16057328;;;;;18,44796593;;;;;20,26620645;20,33276672;21,64073889;22,17840935;22,93014116;23,59317989;;
Northern Mariana Islands;MNP;PM2.5 air pollution, mean annual exposure (micrograms per cubic meter);11,09447199;;;;;11,96434107;;;;;10,81357056;10,25166502;10,52560465;10,85885098;11,22076588;11,89636917;;
Mozambique;MOZ;PM2.5 air pollution, mean annual exposure (micrograms per cubic meter);22,83011027;;;;;22,57308851;;;;;19,78419686;20,05463693;20,09680525;19,97027755;19,82030792;19,53856529;;
Mauritania;MRT;PM2.5 air pollution, mean annual exposure (micrograms per cubic meter);94,98384277;;;;;64,99106496;;;;;74,37039219;79,19338972;79,45892935;83,47879591;82,94711207;85,08515449;;
Mauritius;MUS;PM2.5 air pollution, mean annual exposure (micrograms per cubic meter);18,12599683;;;;;18,70750843;;;;;13,63747442;13,75478499;14,00774073;14,48532747;14,61418025;14,95404587;;
Malawi;MWI;PM2.5 air pollution, mean annual exposure (micrograms per cubic meter);29,20882033;;;;;29,43248757;;;;;26,67043623;27,85564969;27,80368186;27,71110823;26,62499698;25,72702911;;
Malaysia;MYS;PM2.5 air pollution, mean annual exposure (micrograms per cubic meter);15,90752898;;;;;19,81326962;;;;;15,27235986;15,43987084;15,6245;16,07241052;15,53289658;15,55640978;;
North America;NAC;PM2.5 air pollution, mean annual exposure (micrograms per cubic meter);10,4139048;;;;;10,19383119;;;;;8,482985946;8,519528482;8,539994606;8,406661398;8,372758906;8,314416822;;
Namibia;NAM;PM2.5 air pollution, mean annual exposure (micrograms per cubic meter);27,24717727;;;;;25,626632;;;;;22,85712891;22,74033593;22,81290125;21,88508035;21,79781899;21,44459626;;
New Caledonia;NCL;PM2.5 air pollution, mean annual exposure (micrograms per cubic meter);;;;;;;;;;;;;;;;;;
Niger;NER;PM2.5 air pollution, mean annual exposure (micrograms per cubic meter);128,5868795;;;;;112,1220277;;;;;115,7110887;118,0413822;102,7970275;83,43617384;71,8987133;62,74462018;;
Nigeria;NGA;PM2.5 air pollution, mean annual exposure (micrograms per cubic meter);74,46911257;;;;;59,9543648;;;;;51,49055496;53,32699384;50,04470235;46,3640407;41,56874429;37,95728931;;
Nicaragua;NIC;PM2.5 air pollution, mean annual exposure (micrograms per cubic meter);34,37261799;;;;;32,15238718;;;;;22,83719911;25,23396016;28,76908764;29,27403914;28,24734132;27,3819724;;
Netherlands;NLD;PM2.5 air pollution, mean annual exposure (micrograms per cubic meter);15,77620866;;;;;15,22863719;;;;;15,31200608;15,32815145;14,71174775;14,85681167;14,8193533;14,63752206;;
Norway;NOR;PM2.5 air pollution, mean annual exposure (micrograms per cubic meter);9,578694148;;;;;8,811774721;;;;;8,939273026;8,652098488;8,573063903;8,688303453;8,875483039;9,07633792;;
Nepal;NPL;PM2.5 air pollution, mean annual exposure (micrograms per cubic meter);56,26103336;;;;;60,33007887;;;;;62,82528597;63,42531062;64,84943732;70,56756508;71,87285903;74,99780697;;
Nauru;NRU;PM2.5 air pollution, mean annual exposure (micrograms per cubic meter);;;;;;;;;;;;;;;;;;
New Zealand;NZL;PM2.5 air pollution, mean annual exposure (micrograms per cubic meter);6,234678209;;;;;6,09778713;;;;;5,417376081;5,407680071;5,480345171;5,454583943;5,516300044;5,546610811;;
OECD members;OED;PM2.5 air pollution, mean annual exposure (micrograms per cubic meter);15,77377775;;;;;15,15639941;;;;;14,42183105;14,28088698;14,24352931;14,56701021;14,87198781;15,1763425;;
Oman;OMN;PM2.5 air pollution, mean annual exposure (micrograms per cubic meter);66,1496464;;;;;57,3054773;;;;;55,28050192;57,03160813;59,66789327;57,40360315;55,16104736;53,28119972;;
Other small states;OSS;PM2.5 air pollution, mean annual exposure (micrograms per cubic meter);32,95652012;;;;;30,57060697;;;;;35,27207588;35,28901637;36,46179593;36,7111125;36,2043764;36,4810696;;
Pakistan;PAK;PM2.5 air pollution, mean annual exposure (micrograms per cubic meter);69,59438048;;;;;63,87646024;;;;;61,4352519;63,65615362;63,33179486;64,32483882;64,27980551;64,95375677;;
Panama;PAN;PM2.5 air pollution, mean annual exposure (micrograms per cubic meter);16,300258;;;;;14,13570391;;;;;10,21139384;10,43768676;11,04324562;12,3297075;12,28873475;13,19621425;;
Peru;PER;PM2.5 air pollution, mean annual exposure (micrograms per cubic meter);35,44074464;;;;;41,01236026;;;;;27,81107988;29,95468034;29,54095796;29,42035375;28,41137653;27,8233501;;
Philippines;PHL;PM2.5 air pollution, mean annual exposure (micrograms per cubic meter);25,22602241;;;;;28,04409122;;;;;23,54847286;23,55810712;23,28472423;23,94319453;23,5015133;23,48713422;;
Palau;PLW;PM2.5 air pollution, mean annual exposure (micrograms per cubic meter);;;;;;;;;;;;;;;;;;
Papua New Guinea;PNG;PM2.5 air pollution, mean annual exposure (micrograms per cubic meter);15,81178177;;;;;13,75353959;;;;;11,53065949;13,01693625;13,82193084;14,37039306;14,00465877;13,85807071;;
Poland;POL;PM2.5 air pollution, mean annual exposure (micrograms per cubic meter);26,31275504;;;;;25,14018606;;;;;27,45652408;26,96348745;24,37963541;24,69330345;24,80509571;24,28187517;;
Pre-demographic dividend;PRE;PM2.5 air pollution, mean annual exposure (micrograms per cubic meter);52,19685648;;;;;45,36723686;;;;;44,31719316;45,9522809;45,14048789;42,73222776;40,27958701;38,2847463;;
Puerto Rico;PRI;PM2.5 air pollution, mean annual exposure (micrograms per cubic meter);25,27062347;;;;;19,14956554;;;;;17,35901029;14,54164833;19,26466145;20,04350638;15,99021676;17,84794151;;
Korea, Dem. People’s Rep.;PRK;PM2.5 air pollution, mean annual exposure (micrograms per cubic meter);30,96057371;;;;;31,99747762;;;;;31,36987266;29,67117197;30,47143143;31,76718291;33,03288697;34,08883481;;
Portugal;PRT;PM2.5 air pollution, mean annual exposure (micrograms per cubic meter);9,672494205;;;;;9,927760688;;;;;9,493221426;9,362022584;9,422271123;9,415763548;9,646636615;9,760644322;;
Paraguay;PRY;PM2.5 air pollution, mean annual exposure (micrograms per cubic meter);22,99004727;;;;;23,33701693;;;;;17,48071848;18,24905699;16,33564052;16,17969819;15,30114462;14,853318;;
West Bank and Gaza;PSE;PM2.5 air pollution, mean annual exposure (micrograms per cubic meter);17,04205406;;;;;16,42383925;;;;;18,20988627;17,7682129;17,86181344;18,56557294;19,51375876;20,60740486;;
Pacific island small states;PSS;PM2.5 air pollution, mean annual exposure (micrograms per cubic meter);7,992653197;;;;;8,556641665;;;;;6,290072767;6,124311748;6,318534932;6,74809503;6,524452369;6,986900671;;
Post-demographic dividend;PST;PM2.5 air pollution, mean annual exposure (micrograms per cubic meter);13,5978442;;;;;13,10822605;;;;;12,42878804;12,23759959;12,26216433;12,54316365;12,80747664;13,07855364;;
French Polynesia;PYF;PM2.5 air pollution, mean annual exposure (micrograms per cubic meter);;;;;;;;;;;;;;;;;;
Qatar;QAT;PM2.5 air pollution, mean annual exposure (micrograms per cubic meter);105,6448713;;;;;102,5636164;;;;;121,9233238;112,0979824;120,3856139;115,6032858;107,2304966;107,3089368;;
Romania;ROU;PM2.5 air pollution, mean annual exposure (micrograms per cubic meter);21,16136449;;;;;17,33271578;;;;;20,26638418;20,04427641;19,14829605;19,09981128;19,43552428;19,57866345;;
Russian Federation;RUS;PM2.5 air pollution, mean annual exposure (micrograms per cubic meter);15,32830162;;;;;15,01957972;;;;;16,61893771;16,06101824;15,47182243;16,00776317;16,25309454;16,63374961;;
Rwanda;RWA;PM2.5 air pollution, mean annual exposure (micrograms per cubic meter);53,74521954;;;;;48,68999583;;;;;44,42371899;49,16258942;52,83209046;53,80575734;51,90882253;49,71362154;;
South Asia;SAS;PM2.5 air pollution, mean annual exposure (micrograms per cubic meter);62,08017271;;;;;65,93455292;;;;;65,1081722;64,8808451;66,56399917;69,44601338;71,28838084;73,62913957;;
Saudi Arabia;SAU;PM2.5 air pollution, mean annual exposure (micrograms per cubic meter);92,91276008;;;;;92,63566227;;;;;129,684429;130,5685793;135,5539629;125,7091594;115,8722779;106,1617369;;
Sudan;SDN;PM2.5 air pollution, mean annual exposure (micrograms per cubic meter);57,13961652;;;;;55,47293842;;;;;56,2293953;57,41440013;58,81493819;54,75282801;52,4613465;50,04764327;;
Senegal;SEN;PM2.5 air pollution, mean annual exposure (micrograms per cubic meter);41,08928332;;;;;29,16028095;;;;;31,98207601;33,1630803;33,45035793;36,04783508;35,95564574;37,57020675;;
Singapore;SGP;PM2.5 air pollution, mean annual exposure (micrograms per cubic meter);19,17276677;;;;;26,71651782;;;;;18,34036809;17,8787401;18,30800517;18,92521736;18,0980605;18,73785053;;
Solomon Islands;SLB;PM2.5 air pollution, mean annual exposure (micrograms per cubic meter);7,209289957;;;;;8,378956894;;;;;5,935660007;5,756667894;5,888301937;6,292036286;6,175357034;6,579329957;;
Sierra Leone;SLE;PM2.5 air pollution, mean annual exposure (micrograms per cubic meter);25,71070039;;;;;22,26966599;;;;;25,32717927;27,33857351;27,33178726;25,08915609;22,11248767;19,29960911;;
El Salvador;SLV;PM2.5 air pollution, mean annual exposure (micrograms per cubic meter);42,83783835;;;;;38,68068909;;;;;31,35037865;33,42626952;37,90474923;36,6246429;36,78758485;37,0047886;;
San Marino;SMR;PM2.5 air pollution, mean annual exposure (micrograms per cubic meter);;;;;;;;;;;;;;;;;;
Somalia;SOM;PM2.5 air pollution, mean annual exposure (micrograms per cubic meter);22,45903897;;;;;19,49512131;;;;;19,6777248;20,40024523;20,73791133;20,31408253;20,02949885;19,83625362;;
Serbia;SRB;PM2.5 air pollution, mean annual exposure (micrograms per cubic meter);19,64217277;;;;;17,01984292;;;;;20,065764;19,71190016;19,22166344;19,86840969;20,626713;21,43664968;;
Sub-Saharan Africa (excluding high income);SSA;PM2.5 air pollution, mean annual exposure (micrograms per cubic meter);48,22891105;;;;;42,04205435;;;;;39,69643895;41,52864783;41,2343846;39,44772757;37,62139293;36,06597386;;
South Sudan;SSD;PM2.5 air pollution, mean annual exposure (micrograms per cubic meter);42,66622268;;;;;34,67819553;;;;;36,05253667;36,88641227;38,31856543;35,37149581;33,95689759;32,43740893;;
Sub-Saharan Africa;SSF;PM2.5 air pollution, mean annual exposure (micrograms per cubic meter);48,22539377;;;;;42,03965279;;;;;39,69399907;41,52618008;41,23195066;39,44544608;37,61921005;36,06385096;;
Small states;SST;PM2.5 air pollution, mean annual exposure (micrograms per cubic meter);28,82662534;;;;;26,59424024;;;;;29,31432;29,52718781;30,66950037;31,12469013;30,75827362;31,06958449;;
Sao Tome and Principe;STP;PM2.5 air pollution, mean annual exposure (micrograms per cubic meter);15,9390288;;;;;15,70650167;;;;;13,26901676;12,85192383;13,23055431;13,37334295;13,52002205;13,88673949;;
Suriname;SUR;PM2.5 air pollution, mean annual exposure (micrograms per cubic meter);28,37746754;;;;;17,45827413;;;;;14,97340567;17,31935325;18,76837887;20,0391847;19,25716093;18,47176015;;
Slovak Republic;SVK;PM2.5 air pollution, mean annual exposure (micrograms per cubic meter);21,65568172;;;;;20,11395252;;;;;20,30102663;19,50988629;18,89444644;19,02211439;19,76513025;20,52367065;;
Slovenia;SVN;PM2.5 air pollution, mean annual exposure (micrograms per cubic meter);16,7514591;;;;;16,64573194;;;;;15,8317535;15,1509698;15,82938019;17,21888038;18,74940754;20,3499567;;
Sweden;SWE;PM2.5 air pollution, mean annual exposure (micrograms per cubic meter);5,918966093;;;;;5,386457219;;;;;5,439519683;5,286282462;5,164744765;5,578642747;5,860588073;6,241379908;;
Swaziland;SWZ;PM2.5 air pollution, mean annual exposure (micrograms per cubic meter);27,67481028;;;;;26,47072414;;;;;22,30149211;21,98468072;21,85809882;21,52643672;21,65751713;21,60860671;;
Sint Maarten (Dutch part);SXM;PM2.5 air pollution, mean annual exposure (micrograms per cubic meter);;;;;;;;;;;;;;;;;;
Seychelles;SYC;PM2.5 air pollution, mean annual exposure (micrograms per cubic meter);19,19024452;;;;;19,87310249;;;;;15,85956686;16,08787201;15,69548931;15,29388678;14,23870465;13,21491539;;
Syrian Arab Republic;SYR;PM2.5 air pollution, mean annual exposure (micrograms per cubic meter);32,38165925;;;;;31,19540479;;;;;41,20963858;38,2568277;37,58778455;38,44399394;39,87796922;41,56628282;;
Turks and Caicos Islands;TCA;PM2.5 air pollution, mean annual exposure (micrograms per cubic meter);;;;;;;;;;;;;;;;;;
Chad;TCD;PM2.5 air pollution, mean annual exposure (micrograms per cubic meter);63,864809;;;;;58,99097253;;;;;56,34271414;56,98399537;56,18013134;52,96224759;49,32116669;46,05858564;;
East Asia & Pacific (IDA & IBRD countries);TEA;PM2.5 air pollution, mean annual exposure (micrograms per cubic meter);43,16700149;;;;;47,10457849;;;;;46,84125769;46,14655484;46,35647239;46,21056396;46,90867158;47,24955809;;
Europe & Central Asia (IDA & IBRD countries);TEC;PM2.5 air pollution, mean annual exposure (micrograms per cubic meter);22,64023084;;;;;20,60897463;;;;;23,57970662;23,13655414;22,45163405;23,26014689;24,08749487;24,76551849;;
Togo;TGO;PM2.5 air pollution, mean annual exposure (micrograms per cubic meter);54,17402175;;;;;41,04037681;;;;;38,93953654;42,2918872;42,56605449;38,578161;35,46667226;32,67724465;;
Thailand;THA;PM2.5 air pollution, mean annual exposure (micrograms per cubic meter);23,83641492;;;;;24,82432084;;;;;22,4831196;22,96999021;23,91713546;25,06966768;25,50889131;26,35272294;;
Tajikistan;TJK;PM2.5 air pollution, mean annual exposure (micrograms per cubic meter);62,68557131;;;;;44,59026932;;;;;49,14688896;48,25457778;49,42019407;47,85776126;50,26626445;50,02908375;;
Turkmenistan;TKM;PM2.5 air pollution, mean annual exposure (micrograms per cubic meter);35,16615995;;;;;20,7456506;;;;;29,71419456;27,37161185;27,91993298;28,34641859;30,01445488;31,29449247;;
Latin America & the Caribbean (IDA & IBRD countries);TLA;PM2.5 air pollution, mean annual exposure (micrograms per cubic meter);23,15145309;;;;;21,86954567;;;;;17,2464502;17,88468933;18,26452562;18,2916488;17,88359276;17,93191134;;
Timor-Leste;TLS;PM2.5 air pollution, mean annual exposure (micrograms per cubic meter);20,2650325;;;;;20,03113402;;;;;18,98310519;18,57302387;18,80759594;19,07008493;18,84312794;18,89846158;;
Middle East & North Africa (IDA & IBRD countries);TMN;PM2.5 air pollution, mean annual exposure (micrograms per cubic meter);48,72972961;;;;;46,75645771;;;;;56,88074241;55,62516205;55,26627746;56,17747877;56,85100173;58,16800036;;
Tonga;TON;PM2.5 air pollution, mean annual exposure (micrograms per cubic meter);4,912410469;;;;;4,921047413;;;;;3,860327773;3,8447872;3,941637049;3,958598911;4,00741979;4,025835246;;
South Asia (IDA & IBRD);TSA;PM2.5 air pollution, mean annual exposure (micrograms per cubic meter);62,08017271;;;;;65,93455292;;;;;65,1081722;64,8808451;66,56399917;69,44601338;71,28838084;73,62913957;;
Sub-Saharan Africa (IDA & IBRD countries);TSS;PM2.5 air pollution, mean annual exposure (micrograms per cubic meter);48,22539377;;;;;42,03965279;;;;;39,69399907;41,52618008;41,23195066;39,44544608;37,61921005;36,06385096;;
Trinidad and Tobago;TTO;PM2.5 air pollution, mean annual exposure (micrograms per cubic meter);19,36819898;;;;;14,96919491;;;;;12,30940653;12,3866188;12,57351404;13,45339432;13,6742168;14,19016577;;
Tunisia;TUN;PM2.5 air pollution, mean annual exposure (micrograms per cubic meter);35,63074866;;;;;28,42592133;;;;;35,46951134;34,06860937;33,5848041;35,8733935;39,94465035;44,79266297;;
Turkey;TUR;PM2.5 air pollution, mean annual exposure (micrograms per cubic meter);30,20196812;;;;;27,72502235;;;;;32,58038949;32,17541917;30,32573179;33,05244142;34,71083264;36,40911573;;
Tuvalu;TUV;PM2.5 air pollution, mean annual exposure (micrograms per cubic meter);;;;;;;;;;;;;;;;;;
Tanzania;TZA;PM2.5 air pollution, mean annual exposure (micrograms per cubic meter);22,3307224;;;;;21,19967195;;;;;20,97758391;22,26841473;23,43379388;23,71618037;23,46443391;23,3161196;;
Uganda;UGA;PM2.5 air pollution, mean annual exposure (micrograms per cubic meter);60,33844316;;;;;55,87116702;;;;;52,93622077;58,3384383;62,15583877;62,35162135;61,38177704;60,30064052;;
Ukraine;UKR;PM2.5 air pollution, mean annual exposure (micrograms per cubic meter);20,10004293;;;;;17,52994525;;;;;19,26267236;18,88916722;18,624524;18,5239988;18,77806422;18,87843558;;
Upper middle income;UMC;PM2.5 air pollution, mean annual exposure (micrograms per cubic meter);39,76270926;;;;;41,79106297;;;;;42,35185315;41,69260495;41,64732583;41,40523279;41,90178676;42,15894618;;
Uruguay;URY;PM2.5 air pollution, mean annual exposure (micrograms per cubic meter);13,34609428;;;;;11,90038618;;;;;11,79822738;11,71212643;11,7851818;11,51587296;11,55973144;11,48844431;;
United States;USA;PM2.5 air pollution, mean annual exposure (micrograms per cubic meter);10,69614995;;;;;10,42095153;;;;;8,612684033;8,645929285;8,672523993;8,527836686;8,498542509;8,441199408;;
Uzbekistan;UZB;PM2.5 air pollution, mean annual exposure (micrograms per cubic meter);40,03542658;;;;;32,90754344;;;;;37,17892285;36,02108436;37,2633721;37,03105241;38,86930487;39,67064264;;
St. Vincent and the Grenadines;VCT;PM2.5 air pollution, mean annual exposure (micrograms per cubic meter);19,25655406;;;;;16,53352661;;;;;13,71523811;13,87441507;14,00961444;14,46733089;14,38980801;14,25163381;;
Venezuela, RB;VEN;PM2.5 air pollution, mean annual exposure (micrograms per cubic meter);32,56406277;;;;;28,83724613;;;;;22,70146132;24,06834584;23,72396269;24,72625968;23,70766924;23,75584614;;
British Virgin Islands;VGB;PM2.5 air pollution, mean annual exposure (micrograms per cubic meter);;;;;;;;;;;;;;;;;;
Virgin Islands (U.S.);VIR;PM2.5 air pollution, mean annual exposure (micrograms per cubic meter);20,5417515;;;;;17,58792998;;;;;15,41223416;14,19256041;16,59343704;17,28896178;15,13509678;16,34224251;;
Vietnam;VNM;PM2.5 air pollution, mean annual exposure (micrograms per cubic meter);27,10273002;;;;;29,26508763;;;;;26,74200298;27,2174201;27,40096879;27,82269556;27,98099513;28,2516555;;
Vanuatu;VUT;PM2.5 air pollution, mean annual exposure (micrograms per cubic meter);10,3989398;;;;;11,05325636;;;;;7,823974124;7,539335132;7,807014151;8,374241513;7,894044215;8,52410314;;
World;WLD;PM2.5 air pollution, mean annual exposure (micrograms per cubic meter);40,45669888;;;;;41,77752741;;;;;41,84191554;41,82458627;42,39070325;42,86235731;43,40355766;43,98356938;;
Samoa;WSM;PM2.5 air pollution, mean annual exposure (micrograms per cubic meter);4,382477465;;;;;4,401894172;;;;;3,43679189;3,328331706;3,402011158;3,523564605;3,675986518;3,807434895;;
Kosovo;XKX;PM2.5 air pollution, mean annual exposure (micrograms per cubic meter);;;;;;;;;;;;;;;;;;
Yemen, Rep.;YEM;PM2.5 air pollution, mean annual exposure (micrograms per cubic meter);54,69014226;;;;;43,3594004;;;;;50,77816167;55,45163692;62,52082537;59,29191402;55,86922535;52,8289507;;
South Africa;ZAF;PM2.5 air pollution, mean annual exposure (micrograms per cubic meter);37,03792007;;;;;35,85010894;;;;;29,74660453;29,44541894;29,1653805;29,113548;29,43778161;29,6286252;;
Zambia;ZMB;PM2.5 air pollution, mean annual exposure (micrograms per cubic meter);30,88282852;;;;;28,33716731;;;;;26,54120291;27,37494104;27,87280634;27,60718919;27,16620177;26,74664908;;
Zimbabwe;ZWE;PM2.5 air pollution, mean annual exposure (micrograms per cubic meter);25,25154114;;;;;25,48018572;;;;;22,56324999;23,51667545;23,44662846;23,55056098;23,06220603;22,86952366;;
